INSERT INTO COLEGIO (ID,NOMBRE)
VALUES (1, 'Colegio del Olimpo');

INSERT INTO CURSO (ID, GRADO, SALON, COLEGIO_ID)
VALUES (1, 10, 'A', 1);

INSERT INTO CURSO (ID, GRADO, SALON, COLEGIO_ID)
VALUES (2, 10, 'B', 1);

INSERT INTO CURSO (ID, GRADO, SALON, COLEGIO_ID)
VALUES (3, 11, 'A', 1);

INSERT INTO CURSO (ID, GRADO, SALON, COLEGIO_ID)
VALUES (4, 11, 'B', 1);


INSERT INTO PROFESOR (ID,NOMBRE)
VALUES (1, 'Némesis');

INSERT INTO PROFESOR (ID,NOMBRE)
VALUES (2, 'Príapo');

INSERT INTO PROFESOR (ID,NOMBRE)
VALUES (3, 'Iris');

INSERT INTO ESTUDIANTE (ID,NOMBRE)
VALUES (1, 'Afrodita');

INSERT INTO ESTUDIANTE (ID,NOMBRE)
VALUES (2, 'Apolo');

INSERT INTO ESTUDIANTE (ID,NOMBRE)
VALUES (3, 'Ares');

INSERT INTO ESTUDIANTE (ID,NOMBRE)
VALUES (4, 'Artemisa');

INSERT INTO ESTUDIANTE (ID,NOMBRE)
VALUES (5, 'Atenea');

INSERT INTO ESTUDIANTE (ID,NOMBRE)
VALUES (6, 'Dionisio');

INSERT INTO ESTUDIANTE (ID,NOMBRE)
VALUES (7, 'Hefesto');

INSERT INTO ESTUDIANTE (ID,NOMBRE)
VALUES (8, 'Hera');

INSERT INTO ESTUDIANTE (ID,NOMBRE)
VALUES (9, 'Hermes');

INSERT INTO ESTUDIANTE (ID,NOMBRE)
VALUES (10, 'Hades');

INSERT INTO ESTUDIANTE (ID,NOMBRE)
VALUES (11, 'Poseidón');

INSERT INTO ESTUDIANTE (ID,NOMBRE)
VALUES (12, 'Zeus');


INSERT INTO ASIGNATURA (ID, NOMBRE, CURSO_ID, PROFESOR_ID)
VALUES (1, 'Matemáticas', 1 , 1);

INSERT INTO ASIGNATURA (ID, NOMBRE, CURSO_ID, PROFESOR_ID)
VALUES (2, 'Español', 1 , 2);

INSERT INTO ASIGNATURA (ID, NOMBRE, CURSO_ID, PROFESOR_ID)
VALUES (3, 'Inglés básico', 1 , 3);

INSERT INTO ASIGNATURA (ID, NOMBRE, CURSO_ID, PROFESOR_ID)
VALUES (4, 'Matemáticas', 2 , 1);

INSERT INTO ASIGNATURA (ID, NOMBRE, CURSO_ID, PROFESOR_ID)
VALUES (5, 'Español', 2 , 2);

INSERT INTO ASIGNATURA (ID, NOMBRE, CURSO_ID, PROFESOR_ID)
VALUES (6, 'Inglés avanzado', 2 , 3);

INSERT INTO ASIGNATURA (ID, NOMBRE, CURSO_ID, PROFESOR_ID)
VALUES (7, 'Matemáticas', 3 , 1);

INSERT INTO ASIGNATURA (ID, NOMBRE, CURSO_ID, PROFESOR_ID)
VALUES (8, 'Pre Icfes', 3 , 1);

INSERT INTO ASIGNATURA (ID, NOMBRE, CURSO_ID, PROFESOR_ID)
VALUES (9, 'Matemáticas', 4 , 1);

INSERT INTO ASIGNATURA (ID, NOMBRE, CURSO_ID, PROFESOR_ID)
VALUES (10, 'Pre Icfes', 4 , 1);

INSERT INTO ASIGNATURA_ESTUDIANTES ( ASIGNATURAS_ID, ESTUDIANTES_ID)
VALUES (1, 1 );

INSERT INTO ASIGNATURA_ESTUDIANTES ( ASIGNATURAS_ID, ESTUDIANTES_ID)
VALUES (1, 2 );

INSERT INTO ASIGNATURA_ESTUDIANTES ( ASIGNATURAS_ID, ESTUDIANTES_ID)
VALUES (1, 3 );

INSERT INTO ASIGNATURA_ESTUDIANTES ( ASIGNATURAS_ID, ESTUDIANTES_ID)
VALUES (2, 1 );

INSERT INTO ASIGNATURA_ESTUDIANTES ( ASIGNATURAS_ID, ESTUDIANTES_ID)
VALUES (2, 2 );

INSERT INTO ASIGNATURA_ESTUDIANTES ( ASIGNATURAS_ID, ESTUDIANTES_ID)
VALUES (2, 3 );

INSERT INTO ASIGNATURA_ESTUDIANTES ( ASIGNATURAS_ID, ESTUDIANTES_ID)
VALUES (3, 1 );

INSERT INTO ASIGNATURA_ESTUDIANTES ( ASIGNATURAS_ID, ESTUDIANTES_ID)
VALUES (3, 2 );

INSERT INTO ASIGNATURA_ESTUDIANTES ( ASIGNATURAS_ID, ESTUDIANTES_ID)
VALUES (3, 3 );

INSERT INTO ASIGNATURA_ESTUDIANTES ( ASIGNATURAS_ID, ESTUDIANTES_ID)
VALUES (4, 4 );

INSERT INTO ASIGNATURA_ESTUDIANTES ( ASIGNATURAS_ID, ESTUDIANTES_ID)
VALUES (4, 5 );

INSERT INTO ASIGNATURA_ESTUDIANTES ( ASIGNATURAS_ID, ESTUDIANTES_ID)
VALUES (4, 6 );

INSERT INTO ASIGNATURA_ESTUDIANTES ( ASIGNATURAS_ID, ESTUDIANTES_ID)
VALUES (5, 4 );

INSERT INTO ASIGNATURA_ESTUDIANTES ( ASIGNATURAS_ID, ESTUDIANTES_ID)
VALUES (5, 5 );

INSERT INTO ASIGNATURA_ESTUDIANTES ( ASIGNATURAS_ID, ESTUDIANTES_ID)
VALUES (5, 6 );

INSERT INTO ASIGNATURA_ESTUDIANTES ( ASIGNATURAS_ID, ESTUDIANTES_ID)
VALUES (6, 4 );

INSERT INTO ASIGNATURA_ESTUDIANTES ( ASIGNATURAS_ID, ESTUDIANTES_ID)
VALUES (6, 5 );

INSERT INTO ASIGNATURA_ESTUDIANTES ( ASIGNATURAS_ID, ESTUDIANTES_ID)
VALUES (6, 6 );

INSERT INTO ASIGNATURA_ESTUDIANTES ( ASIGNATURAS_ID, ESTUDIANTES_ID)
VALUES (7, 7 );

INSERT INTO ASIGNATURA_ESTUDIANTES ( ASIGNATURAS_ID, ESTUDIANTES_ID)
VALUES (7, 8 );

INSERT INTO ASIGNATURA_ESTUDIANTES ( ASIGNATURAS_ID, ESTUDIANTES_ID)
VALUES (8, 7 );

INSERT INTO ASIGNATURA_ESTUDIANTES ( ASIGNATURAS_ID, ESTUDIANTES_ID)
VALUES (8, 8 );

INSERT INTO ASIGNATURA_ESTUDIANTES ( ASIGNATURAS_ID, ESTUDIANTES_ID)
VALUES (9, 9 );

INSERT INTO ASIGNATURA_ESTUDIANTES ( ASIGNATURAS_ID, ESTUDIANTES_ID)
VALUES (9, 10 );

INSERT INTO ASIGNATURA_ESTUDIANTES ( ASIGNATURAS_ID, ESTUDIANTES_ID)
VALUES (9, 11 );

INSERT INTO ASIGNATURA_ESTUDIANTES ( ASIGNATURAS_ID, ESTUDIANTES_ID)
VALUES (9, 12 );

INSERT INTO ASIGNATURA_ESTUDIANTES ( ASIGNATURAS_ID, ESTUDIANTES_ID)
VALUES (10, 9 );

INSERT INTO ASIGNATURA_ESTUDIANTES ( ASIGNATURAS_ID, ESTUDIANTES_ID)
VALUES (10, 10 );

INSERT INTO ASIGNATURA_ESTUDIANTES ( ASIGNATURAS_ID, ESTUDIANTES_ID)
VALUES (10, 11 );

INSERT INTO ASIGNATURA_ESTUDIANTES ( ASIGNATURAS_ID, ESTUDIANTES_ID)
VALUES (10, 12 );



